,epiweek_start,epiweek_middle,epiweek_end,superlineage_combo,c0_MSD,c1_MSD,c2_MSD,c3_MSD,c4_MSD,c5_MSD,c6_MSD,c7_MSD,c8_MSD,Netau_MSD,c0,c1,c2,c3,c4,c5,c6,c7,c8,Netau_HMM,Netau_HMM_lower,Netau_HMM_upper,T
0,90.0,94.0,98.0,0,1.4168482507458073,1.434472496534217,2.6818648832405256,1.476331654205823,2.06514095444834,1.0,1.0,1.0,1.020328493570092,1822.764648543034,1.3099245663251093,1.2075578768545432,2.4041044884084286,1.5594695739220408,1.8054610665823128,1.085999783356106,1.0,1.0,1.0290389821015282,1829.0341397134412,1079.1301424309302,3550.9838020163093,9
