,epiweek_start,epiweek_middle,epiweek_end,superlineage_combo,c0_MSD,c1_MSD,c2_MSD,c3_MSD,c4_MSD,c5_MSD,c6_MSD,c7_MSD,c8_MSD,Netau_MSD,c0,c1,c2,c3,c4,c5,c6,c7,c8,Netau_HMM,Netau_HMM_lower,Netau_HMM_upper,T
0,87.0,91.0,95.0,0,1.7020758941327279,1.0,1.0,1.0,1.0,1.0,2.405909709695208,1.0,4.136737244441527,3389.1121663426793,1.2503265719911651,1.0,1.0,1.0,1.0,1.000000002006765,1.90309513275036,1.0,3.820078747020599,3749.8060595348334,2109.5379962332318,5798.577689008096,9
