,Epiweek,Netau_HMM_median,Netau_HMM_95%_ci_lower,Netau_HMM_95%_ci_upper,Netau_MSD_median,Netau_MSD_95%_ci_lower,Netau_MSD_95%_ci_upper,c_median,c_95%_ci_lower,c_95%_ci_upper,c_MSD_median,c_MSD_95%_ci_lower,c_MSD_95%_ci_upper,T,delta_t
14,73.0,,,,,,,16.613708900671256,11.566465763604462,24.359534598399584,16.49866302439829,11.56436671275136,24.27930312140999,9,4
15,77.0,195.82646372196848,247.51544995774105,296.04305712133737,720.7620254057208,472.278039690566,814.861400893321,2.2422033923656826,1.0,15.968824920068597,2.229231184325836,1.0,15.968390536713596,9,4
16,81.0,436.1214495419528,504.85021887903895,602.9688725949209,1743.73099583116,1193.5669523132703,2583.2829129435518,4.786351809128916,1.0003692376227307,9.526591254255006,3.4508638716049846,1.0,8.835392087917286,9,4
17,85.0,545.5227712849229,665.0689709986466,824.7998923237892,1874.1349692849692,1564.0320186031347,2061.619564449198,1.0056916086205145,1.0,9.982582536149938,1.000448963254399,1.0,9.900130199939913,9,4
18,89.0,843.9112591511184,1033.3895171481631,1273.9272693220869,3044.4433566368284,2503.3477589460176,3455.03747872111,1.0002299595714101,1.0,4.287838973375482,1.0,1.0,3.4734126721200616,9,4
19,93.0,894.1162482531394,1053.0113570829235,1287.0139117342346,3374.80573230315,2992.336910027536,3950.29179345726,1.011172616389914,1.0,5.64542343204193,1.0034861153014525,1.0,5.643695888334597,9,4
20,97.0,995.9736542115028,1182.976648373774,1445.860414590502,3481.8902417543886,3016.9105236687897,3970.6712799362654,1.0028533460729974,1.0,19.203649981848706,1.0001913058042895,1.0,19.203624666950883,9,4
21,101.0,1414.3495156250106,1885.4877695957434,2247.1898899702937,4952.857044397784,3162.428355667476,18023.67246235955,1.0001754328767953,1.0,1.4992368602789305,1.0,1.0,1.4957074001541433,9,4
22,105.0,,,,,,,1.0012493418141934,1.0,1.213124771446089,1.0,1.0,1.2593619340920923,9,4
