,epiweek_start,epiweek_middle,epiweek_end,superlineage_combo,c0_MSD,c1_MSD,c2_MSD,c3_MSD,c4_MSD,c5_MSD,c6_MSD,c7_MSD,c8_MSD,Netau_MSD,c0,c1,c2,c3,c4,c5,c6,c7,c8,Netau_HMM,Netau_HMM_lower,Netau_HMM_upper,T
0,91.0,95.0,99.0,0,1.0,1.9720383147358806,1.5128456425729995,1.102771738506378,1.7171312960073442,1.0,1.0,1.8662495502323064,1.933042269420557,1580.6681847179418,1.0,1.886497042696893,1.3214651156600434,1.0644199367835907,2.272302679932149,1.0,1.0,1.58534144314342,1.7044059356574857,1538.1644263590217,849.8358455633595,2796.468380699944,9
