,Epiweek,Netau_HMM_median,Netau_HMM_95%_ci_lower,Netau_HMM_95%_ci_upper,Netau_MSD_median,Netau_MSD_95%_ci_lower,Netau_MSD_95%_ci_upper,c_median,c_95%_ci_lower,c_95%_ci_upper,c_MSD_median,c_MSD_95%_ci_lower,c_MSD_95%_ci_upper,T,delta_t
1,21.0,,,,,,,1.8337887554928358,1.0,6.340727363050219,2.044739225446058,1.0,6.606720449670891,9,4
2,25.0,49.38964638031623,54.92817012566732,68.54523174090383,165.18105609579095,123.81733618225743,210.9567202730796,1.0036687135113294,1.0,1.9416227931310772,1.0,1.0,1.9282075081794545,9,4
3,29.0,130.11853417802445,180.83337675429436,222.08133013667867,519.8358754323701,320.6607275954373,1551.7868783184663,2.108642122419332,1.0000000023549582,10.613141824684833,1.7947956059093142,1.0,10.505375265800975,9,4
4,33.0,61.71427637064115,78.47335388103369,96.51857939651833,236.85925955150327,166.73330257212717,492.15305458007214,4.9490460975443025,1.0,23.510061054174887,4.262865209367172,1.0,23.510031359635185,9,4
5,37.0,278.19549334844874,340.8101002503566,435.6202627127959,1095.5968290972305,524.647278055904,30177.073230079524,2.4432815818590656,1.0,25.261995801153798,2.25841383064488,1.0,25.261262054090718,9,4
6,41.0,661.3625003803163,705.8023934383416,817.8684971628611,2642.2167590730273,1909.3782909315473,3989.596781823989,1.1517942167793374,1.0000034910747257,7.043591761437442,1.0175196335194172,1.0,7.615974680481498,9,4
7,45.0,241.86362301491778,336.4993385736699,405.9299954172633,946.6266772866701,469.37645095813076,20899.964051747724,1.0502503865720263,1.0,49.33935519127158,1.0624485264668475,1.0,49.33934603459014,9,4
8,49.0,188.6800435577393,234.97054238995787,266.44657446016225,692.3225414766314,311.0544003741427,3713.55581984022,1.1380000855406722,1.0,5.831240954407973,1.129132206649314,1.0,5.8313360946950965,9,4
9,53.0,,,,,,,1.002449376971191,1.0,3.3745591017664514,1.0,1.0,3.372747360748918,9,4
