,epiweek_start,epiweek_middle,epiweek_end,superlineage_combo,c0_MSD,c1_MSD,c2_MSD,c3_MSD,c4_MSD,c5_MSD,c6_MSD,c7_MSD,c8_MSD,Netau_MSD,c0,c1,c2,c3,c4,c5,c6,c7,c8,Netau_HMM,Netau_HMM_lower,Netau_HMM_upper,T
0,89.0,93.0,97.0,0,1.0,1.9309048161626539,1.6790906174490097,2.715948378559291,3.296801750734711,2.940998006619901,2.0123490981420704,1.4358490309643301,1.0,1624.4875168729639,1.0,1.930881720450646,1.67909242150442,2.715947970911422,3.2967927242237836,2.9409954662355093,2.0123293629188574,1.435842549337979,1.0000006614090715,1527.5755877901381,822.8006393011877,2651.5513434643567,9
