,Epiweek,Netau_HMM_median,Netau_HMM_95%_ci_lower,Netau_HMM_95%_ci_upper,Netau_MSD_median,Netau_MSD_95%_ci_lower,Netau_MSD_95%_ci_upper,c_median,c_95%_ci_lower,c_95%_ci_upper,c_MSD_median,c_MSD_95%_ci_lower,c_MSD_95%_ci_upper,T,delta_t
7,45.0,,,,,,,1.0,1.0,4.491613291147756,1.0,1.0,3.828073225517719,9,4
8,49.0,87.8161265631984,129.79976317354084,164.6816074889079,393.6333532113956,296.99243131037656,619.0541448079025,2.7933085875509995,1.0,7.3692763092286935,2.7932377682128706,1.0,7.440810622273584,9,4
9,53.0,537.4459226633683,643.9978883277097,828.8813112285341,2097.0788872929816,928.0479835351094,6451.14179799041,2.1366589690283253,1.0,80.0854346948571,1.1484803609843797,1.0,77.34067951547034,9,4
10,57.0,851.0182125493345,954.281264788575,1194.9739873338312,2974.9303819066704,2613.2931347728354,4704.623265273332,1.0002870247791575,1.0,2.932431828038573,1.0,1.0,2.9305528017044975,9,4
11,61.0,799.341886361529,906.6910490633102,1101.1544096420757,2996.3902652300503,2312.892105491617,4290.907919216307,1.0291769173369878,1.0,3.9350932662260796,1.0171170884911334,1.0,3.929381685248911,9,4
12,65.0,450.02196505937945,516.9938594973307,631.8812679736466,1795.5451002791697,1430.3463351948694,2818.423029418989,1.7693508564476086,1.0000000024281543,10.562608505797801,1.758044700369088,1.0,10.561863835121931,9,4
13,69.0,321.4508529400954,362.3738404449301,442.9027082369513,1243.4613264744057,961.4533260819055,1539.8287735224703,1.0896530115693364,1.0,4.795767892089837,1.0684418369312871,1.0,4.7897937285376555,9,4
14,73.0,,,,,,,4.393335488574038,2.7561712666415477,6.747735388393465,4.461053095865182,2.745816200499372,6.745848271959383,9,4
