,epiweek_start,epiweek_middle,epiweek_end,superlineage_combo,c0_MSD,c1_MSD,c2_MSD,c3_MSD,c4_MSD,c5_MSD,c6_MSD,c7_MSD,c8_MSD,Netau_MSD,c0,c1,c2,c3,c4,c5,c6,c7,c8,Netau_HMM,Netau_HMM_lower,Netau_HMM_upper,T
0,91.0,95.0,99.0,0,1.0092423000825603,3.255289247658552,2.398718856654639,4.199587199915587,1.0,1.0,1.0,1.0,1.9732508240185496,1260.1588803407415,1.9296161228045767,3.346274863254059,2.478538810455642,4.246545185091014,1.0,1.0,1.2214355965186967,1.0,1.78539521357209,1543.476784238109,195.4757128804598,2933.1005941499197,9
