,epiweek_start,epiweek_middle,epiweek_end,superlineage_combo,c0_MSD,c1_MSD,c2_MSD,c3_MSD,c4_MSD,c5_MSD,c6_MSD,c7_MSD,c8_MSD,Netau_MSD,c0,c1,c2,c3,c4,c5,c6,c7,c8,Netau_HMM,Netau_HMM_lower,Netau_HMM_upper,T
0,89.0,93.0,97.0,0,2.0838633063640843,1.0,1.9276736522864422,1.0,1.6419791816233464,1.8566357500415867,1.0318028763495668,1.4144304139733384,1.0,2622.124479611887,2.0838572336809964,1.000001065976355,1.9276679037100461,1.0,1.6419786247545731,1.856628424061265,1.0318025900868757,1.4144331690529994,1.0,2564.826057186121,1426.1103237376665,4359.710673274965,9
