,Epiweek,Netau_HMM_assigned_median,Netau_HMM_assigned_95%_ci_lower,Netau_HMM_assigned_95%_ci_upper,Netau_MSD_assigned_median,Netau_MSD_assigned_95%_ci_lower,Netau_MSD_assigned_95%_ci_upper,c_median,c_95%_ci_lower,c_95%_ci_upper,c_MSD_median,c_MSD_95%_ci_lower,c_MSD_95%_ci_upper,T,delta_t,frac_assigned,Netau_HMM_median,Netau_HMM_95%_ci_lower,Netau_HMM_95%_ci_upper,Netau_MSD_median,Netau_MSD_95%_ci_lower,Netau_MSD_95%_ci_upper
0,37.0,,,,,,,6.1224458127749735,3.32310171339638,8.97265645280125,6.426476765052614,3.96978167448157,9.72862260895423,9,4,0.4392523364485981,,,,,,
1,41.0,55.38117450357947,62.620380183519245,80.71655390356588,203.26172237840143,156.67600175901907,261.27173529276934,2.7918876205403977,1.0,14.7898611702171,2.7804238117328675,1.0,14.797876220714176,9,4,0.6930280957336108,79.91187492183164,90.35763567021321,116.46938183382404,293.295067876342,226.07453106669269,377.00020663115816
2,45.0,538.4676766517798,552.1258951113867,701.5166029623407,1770.5087617641482,869.4514484261308,9370.75873630498,1.0001290937826703,1.0,3.001080824001232,1.0,1.0,3.00027409684167,9,4,0.8120586637696904,663.0896272347335,679.9088781940221,863.8742916746951,2180.2719935838104,1070.675663245824,11539.509587650482
3,49.0,1223.0638449526248,1416.9313743753453,1753.451345852645,4575.65553585463,2402.0395457652667,24644.909431646432,1.644909595680422,1.0011739645947315,5.373052546119889,1.6401408557351815,1.0,5.353572687721591,9,4,0.8702928870292888,1405.3473987676794,1628.1086465178246,2014.783036821068,5257.604197448349,2760.0358242206667,28317.948818093737
4,53.0,397.3505045175558,557.4805013426063,681.3650571965188,1584.9524106863296,552.9647496235843,21117.039373702628,3.496284924157356,1.0,6.269680450560831,3.496326574831392,1.0,6.27103501994918,9,4,0.9366306027820711,424.23395449316604,595.1978289911984,727.4640132114648,1692.1851645446457,590.3765561162691,22545.74995839208
5,57.0,,,,,,,1.00435774453626,1.0000037581664454,1.974508908826714,1.0,1.0,1.8165159452199384,9,4,0.9639934533551555,,,,,,
