,Epiweek,Netau_HMM_median,Netau_HMM_95%_ci_lower,Netau_HMM_95%_ci_upper,Netau_MSD_median,Netau_MSD_95%_ci_lower,Netau_MSD_95%_ci_upper,c_median,c_95%_ci_lower,c_95%_ci_upper,c_MSD_median,c_MSD_95%_ci_lower,c_MSD_95%_ci_upper,T,delta_t
5,37.0,,,,,,,6.1224458127749735,3.3231017133963796,8.97265645280125,6.426476765052614,3.96978167448157,9.72862260895423,9,4
6,41.0,55.38117450357947,62.620380183519245,80.71655390356588,203.26172237840143,156.67600175901907,261.27173529276934,2.7918876205403977,1.0,14.789861170217101,2.7804238117328675,1.0,14.797876220714175,9,4
7,45.0,538.4676766517798,552.1258951113867,701.5166029623407,1770.5087617641482,869.4514484261308,9370.758736304979,1.0001290937826703,1.0,3.0010808240012317,1.0,1.0,3.00027409684167,9,4
8,49.0,1223.0638449526248,1416.9313743753453,1753.451345852645,4575.65553585463,2402.0395457652667,24644.909431646432,1.644909595680422,1.0011739645947317,5.373052546119889,1.6401408557351815,1.0,5.353572687721591,9,4
9,53.0,397.3505045175558,557.4805013426063,681.3650571965188,1584.9524106863296,552.9647496235843,21117.039373702628,3.4962849241573557,1.0,6.269680450560831,3.496326574831392,1.0,6.27103501994918,9,4
10,57.0,,,,,,,1.0043577445362601,1.0000037581664454,1.974508908826714,1.0,1.0,1.8165159452199382,9,4
