,epiweek_start,epiweek_middle,epiweek_end,superlineage_combo,c0_MSD,c1_MSD,c2_MSD,c3_MSD,c4_MSD,c5_MSD,c6_MSD,c7_MSD,c8_MSD,Netau_MSD,c0,c1,c2,c3,c4,c5,c6,c7,c8,Netau_HMM,Netau_HMM_lower,Netau_HMM_upper,T
0,90.0,94.0,98.0,0,2.659338910754328,1.0,1.0,1.7648195048853526,1.5432606635821942,1.0,1.0,1.0,1.244845838048469,1610.190034164825,2.659335008675636,1.0,1.0,1.764813908123399,1.5432585673208934,1.0,1.0,1.0,1.2448453230764251,1580.1152443717713,957.5006351591899,2828.9716430756503,9
