,epiweek_start,epiweek_middle,epiweek_end,superlineage_combo,c0_MSD,c1_MSD,c2_MSD,c3_MSD,c4_MSD,c5_MSD,c6_MSD,c7_MSD,c8_MSD,Netau_MSD,c0,c1,c2,c3,c4,c5,c6,c7,c8,Netau_HMM,Netau_HMM_lower,Netau_HMM_upper,T
0,91.0,95.0,99.0,0,1.0,1.3643823628438105,1.1237649846543334,1.0,1.0,1.0,1.0,1.0,1.0,1081.0238499814207,1.0,1.1385593239784066,1.047063136589987,1.0,1.0,1.1035771412836597,1.553861992364612,1.0,1.0000001454151985,1258.0336533487975,842.2222598532818,2187.412885151195,9
