,Filled demes t0,Deme size,Netau_HMM_median,Netau_HMM_95%_ci_lower,Netau_HMM_95%_ci_upper,mean_total_counts
0,1000.0,10.0,4027.8355017778313,3496.050733482106,4565.190272167386,5064.423652839152
