,epiweek_start,epiweek_middle,epiweek_end,superlineage_combo,c0_MSD,c1_MSD,c2_MSD,c3_MSD,c4_MSD,c5_MSD,c6_MSD,c7_MSD,c8_MSD,Netau_MSD,c0,c1,c2,c3,c4,c5,c6,c7,c8,Netau_HMM,Netau_HMM_lower,Netau_HMM_upper,T
0,88.0,92.0,96.0,0,1.5974268833663259,2.7456529288556806,1.9674531392825934,1.4626229208594939,1.0,1.5039910567749835,1.2954325585633841,1.0,1.0,1563.777287385079,1.5974214609229178,2.745647275424346,1.9674448677890626,1.4626239126520981,1.0,1.5039934020667378,1.2954406336111233,1.0,1.0000001394110973,1538.828725570903,830.9675118082879,2734.380273899067,9
